1001,xcvxcvxc,xczvxcvxczv
1002,xcvcxzvxc,cxzvxcvx
1003,vcxvcxz,xczcxvcx
1004,xczvcxz,cvzcx
1005,cxvzc,cxvzxcv
1006,xczvxzxc,xczvzxc
1007,cvzxcv,cvcxvc
1008,xcvzcx,cvzcxv
1009,xcvsvvv,vcxvxcv
1010,xzxcv,cvczxc
1011,xcvzxc,zxczvzxcv
1012,xcvzxcv,xzvcxvxzcv
1013,xcvzxcv,zxzxvzvcv
1014,czzx,zcvzvvv
1015,xcvzx,xzxvzvzv
1016,zxvzvc,zxzvxzxv
1017,xczxc,xzzvxczx
1018,vxzcvxc,xcvzxccvcxz
1019,xcvzcxv,cxvzxccx
1020,dvdfg,dddfdff
1021,jjyjg,gjjghhg
1022,dfvsfdv,dsvdffds
1023,grhhfghfg,hgfghfhdfh
1024,fgrtg,gfgfg
1025,fgfdgd,fgfdgdf
1026,fgdfg,hgchg
1027,wfwef,fwefef
1028,xc xcv,xcvxcvxc
1029,xcxcv,xcvxcvxc
1030,xcvcxv,xcvxcv
1031,cxvxv,xcvxcvx
1032,ghghgh,gggjgj
1033,fgasdfgsd,sdfsdfs
1034,sfasd,sdafsdf
1035,sdff,sfsdaf
1036,sdfasdf,sdfasdf
1037,rfasdafasd,sdfsdf
1038,sdfasd,dsfasdf
1039,sdfasd,sdfasdf
1040,xcv,vxvsdx
